,uid,name
0,d1356ec4-fc76-4ffc-b5a3-ce071b486460,Weighed Mass
1,d1356ec4-fc76-4ffc-b5a3-ce071b486460,Mass Loss
2,df5e1f3d-27de-4ca3-a365-52ab373a62bb,Phase
3,df5e1f3d-27de-4ca3-a365-52ab373a62bb,Lattice Parameter
4,df5e1f3d-27de-4ca3-a365-52ab373a62bb,"Hardness, HV"
5,df5e1f3d-27de-4ca3-a365-52ab373a62bb,"SD, HV"
6,09d4568e-a3b2-4cd5-a048-942551673a05,Weighed Mass
7,09d4568e-a3b2-4cd5-a048-942551673a05,Mass Loss
8,6c05bc90-6c2f-4313-8748-6698dfb05c2b,Phase
9,6c05bc90-6c2f-4313-8748-6698dfb05c2b,Lattice Parameter
10,6c05bc90-6c2f-4313-8748-6698dfb05c2b,"Hardness, HV"
11,6c05bc90-6c2f-4313-8748-6698dfb05c2b,"SD, HV"
12,d1abe872-736a-46bd-b21e-31ac5f432eca,Phase
13,d1abe872-736a-46bd-b21e-31ac5f432eca,Lattice Parameter
14,d1abe872-736a-46bd-b21e-31ac5f432eca,"Hardness, HV"
15,d1abe872-736a-46bd-b21e-31ac5f432eca,"SD, HV"
16,76c1cbc8-67cf-4b6d-a67d-70a3eda373c6,"Elastic Modulus, GPa"
17,76c1cbc8-67cf-4b6d-a67d-70a3eda373c6,"Yield Strength, MPa"
18,76c1cbc8-67cf-4b6d-a67d-70a3eda373c6,"UTS, MPa"
19,76c1cbc8-67cf-4b6d-a67d-70a3eda373c6,"Elongation, %"
20,76c1cbc8-67cf-4b6d-a67d-70a3eda373c6,"Strain Hardening, MPa"
21,76c1cbc8-67cf-4b6d-a67d-70a3eda373c6,dUTS_dY
22,a9e1b94f-967e-4096-91e5-b6335df56736,"Elastic Modulus, GPa"
23,a9e1b94f-967e-4096-91e5-b6335df56736,"Yield Strength, MPa"
24,a9e1b94f-967e-4096-91e5-b6335df56736,"UTS, MPa"
25,a9e1b94f-967e-4096-91e5-b6335df56736,"Elongation, %"
26,a9e1b94f-967e-4096-91e5-b6335df56736,"Strain Hardening, MPa"
27,a9e1b94f-967e-4096-91e5-b6335df56736,dUTS_dY
28,014fa458-9fba-40d7-b602-5829cc6becdd,Weighed Mass
29,014fa458-9fba-40d7-b602-5829cc6becdd,Mass Loss
30,84bba37a-90e2-4cdc-a7ee-6100b5b6f577,"Elastic Modulus, GPa"
31,84bba37a-90e2-4cdc-a7ee-6100b5b6f577,"Yield Strength, MPa"
32,84bba37a-90e2-4cdc-a7ee-6100b5b6f577,"UTS, MPa"
33,84bba37a-90e2-4cdc-a7ee-6100b5b6f577,"Elongation, %"
34,84bba37a-90e2-4cdc-a7ee-6100b5b6f577,"Strain Hardening, MPa"
35,84bba37a-90e2-4cdc-a7ee-6100b5b6f577,dUTS_dY
36,d82c1de9-6447-4be2-8110-9948dd67ed3f,Phase
37,d82c1de9-6447-4be2-8110-9948dd67ed3f,Lattice Parameter
38,d82c1de9-6447-4be2-8110-9948dd67ed3f,"Hardness, HV"
39,d82c1de9-6447-4be2-8110-9948dd67ed3f,"SD, HV"
40,faa181eb-2955-402f-b1df-70262fae9995,Weighed Mass
41,faa181eb-2955-402f-b1df-70262fae9995,Mass Loss
42,17e7abb9-9f40-4558-b750-608f4cf47447,Weighed Mass
43,17e7abb9-9f40-4558-b750-608f4cf47447,Mass Loss
44,3320a4e9-58a2-4edd-86ed-18a8efdfbaeb,Weighed Mass
45,3320a4e9-58a2-4edd-86ed-18a8efdfbaeb,Mass Loss
46,7a454cfa-2db6-4cd5-8759-40d12c6e5039,Weighed Mass
47,7a454cfa-2db6-4cd5-8759-40d12c6e5039,Mass Loss
48,cce4e35c-f38e-44d9-9049-7ce5b33e4d79,Weighed Mass
49,cce4e35c-f38e-44d9-9049-7ce5b33e4d79,Mass Loss
50,2f2de58f-6c4e-4706-9f7b-09ae6802249c,Weighed Mass
51,2f2de58f-6c4e-4706-9f7b-09ae6802249c,Mass Loss
52,7afb9f2e-a0b8-444f-b517-669ea3f369d3,Weighed Mass
53,7afb9f2e-a0b8-444f-b517-669ea3f369d3,Mass Loss
54,a4d1d231-fa5b-4979-a141-94e243edba8d,Weighed Mass
55,a4d1d231-fa5b-4979-a141-94e243edba8d,Mass Loss
56,eaed1955-65b2-4603-85ce-913ce57484fb,Phase
57,eaed1955-65b2-4603-85ce-913ce57484fb,Lattice Parameter
58,eaed1955-65b2-4603-85ce-913ce57484fb,"Hardness, HV"
59,eaed1955-65b2-4603-85ce-913ce57484fb,"SD, HV"
60,02bd2cc5-cd43-43cd-b9a1-d5d63863c6b9,"Elastic Modulus, GPa"
61,02bd2cc5-cd43-43cd-b9a1-d5d63863c6b9,"Yield Strength, MPa"
62,02bd2cc5-cd43-43cd-b9a1-d5d63863c6b9,"UTS, MPa"
63,02bd2cc5-cd43-43cd-b9a1-d5d63863c6b9,"Elongation, %"
64,02bd2cc5-cd43-43cd-b9a1-d5d63863c6b9,"Strain Hardening, MPa"
65,02bd2cc5-cd43-43cd-b9a1-d5d63863c6b9,dUTS_dY
66,29bc82cf-8d94-4339-bef8-b14fab2360d8,"Elastic Modulus, GPa"
67,29bc82cf-8d94-4339-bef8-b14fab2360d8,"Yield Strength, MPa"
68,29bc82cf-8d94-4339-bef8-b14fab2360d8,"UTS, MPa"
69,29bc82cf-8d94-4339-bef8-b14fab2360d8,"Elongation, %"
70,29bc82cf-8d94-4339-bef8-b14fab2360d8,"Strain Hardening, MPa"
71,29bc82cf-8d94-4339-bef8-b14fab2360d8,dUTS_dY
72,3d0a2832-7599-423d-82cd-77c266524ac4,"Elastic Modulus, GPa"
73,3d0a2832-7599-423d-82cd-77c266524ac4,"Yield Strength, MPa"
74,3d0a2832-7599-423d-82cd-77c266524ac4,"UTS, MPa"
75,3d0a2832-7599-423d-82cd-77c266524ac4,"Elongation, %"
76,3d0a2832-7599-423d-82cd-77c266524ac4,"Strain Hardening, MPa"
77,3d0a2832-7599-423d-82cd-77c266524ac4,dUTS_dY
78,d0a30b8d-e28f-4ed3-a06f-7e6a90356513,Weighed Mass
79,d0a30b8d-e28f-4ed3-a06f-7e6a90356513,Mass Loss
80,f54b0437-c167-4cd2-b800-4162d53764bc,Weighed Mass
81,f54b0437-c167-4cd2-b800-4162d53764bc,Mass Loss
82,0e07b9dd-7d70-44d0-814b-9d1a83e49e39,Weighed Mass
83,0e07b9dd-7d70-44d0-814b-9d1a83e49e39,Mass Loss
84,58dffe0f-1e29-4db8-af34-9d7b6d11b9fe,Weighed Mass
85,58dffe0f-1e29-4db8-af34-9d7b6d11b9fe,Mass Loss
86,b294a6e3-989f-45e0-a9ca-310a98dd4aa3,Weighed Mass
87,b294a6e3-989f-45e0-a9ca-310a98dd4aa3,Mass Loss
88,e6042711-a959-42f4-a0c7-0c042aa7be74,Weighed Mass
89,e6042711-a959-42f4-a0c7-0c042aa7be74,Mass Loss
90,f7c92476-8a7d-4e74-81f3-7d9065460ffe,Weighed Mass
91,f7c92476-8a7d-4e74-81f3-7d9065460ffe,Mass Loss
92,123d8868-0ff4-4089-939f-775b8a24ea91,Weighed Mass
93,123d8868-0ff4-4089-939f-775b8a24ea91,Mass Loss
94,72d63ce3-85fc-451b-a557-84c43f81d835,Weighed Mass
95,72d63ce3-85fc-451b-a557-84c43f81d835,Mass Loss
96,c2ebbff3-2f5a-46c3-8f06-510dbac83d48,Weighed Mass
97,c2ebbff3-2f5a-46c3-8f06-510dbac83d48,Mass Loss
98,10c0f657-6692-425f-b594-ebf360b70278,Weighed Mass
99,10c0f657-6692-425f-b594-ebf360b70278,Mass Loss
100,20093067-d402-442b-9f45-4894bf0a04e5,Weighed Mass
101,20093067-d402-442b-9f45-4894bf0a04e5,Mass Loss
102,74a073b6-59cc-4fc0-a2b5-437e048b55df,Weighed Mass
103,74a073b6-59cc-4fc0-a2b5-437e048b55df,Mass Loss
104,7e22f80e-8b52-48de-a36e-7f680119cdab,Weighed Mass
105,7e22f80e-8b52-48de-a36e-7f680119cdab,Mass Loss
106,efb96a2b-69d9-4963-8c42-4bd6a546958d,Weighed Mass
107,efb96a2b-69d9-4963-8c42-4bd6a546958d,Mass Loss
108,fc8ba492-f5b8-4eac-b0a0-3073ff8d1c56,Weighed Mass
109,fc8ba492-f5b8-4eac-b0a0-3073ff8d1c56,Mass Loss
110,f7bb67d4-1005-4889-9d3f-70382d2c8841,Weighed Mass
111,f7bb67d4-1005-4889-9d3f-70382d2c8841,Mass Loss
112,81133c17-15ef-4e05-acca-3b505fe46068,Weighed Mass
113,81133c17-15ef-4e05-acca-3b505fe46068,Mass Loss
114,aca074ae-3bd9-480b-b264-512c6952c436,Weighed Mass
115,aca074ae-3bd9-480b-b264-512c6952c436,Mass Loss
116,a8e9b606-abed-4d64-bf45-70a50263be35,Weighed Mass
117,a8e9b606-abed-4d64-bf45-70a50263be35,Mass Loss
118,dde39690-f5bb-47b9-97bb-6bdb18eea5f7,"Elastic Modulus, GPa"
119,dde39690-f5bb-47b9-97bb-6bdb18eea5f7,"Yield Strength, MPa"
120,dde39690-f5bb-47b9-97bb-6bdb18eea5f7,"UTS, MPa"
121,dde39690-f5bb-47b9-97bb-6bdb18eea5f7,"Elongation, %"
122,dde39690-f5bb-47b9-97bb-6bdb18eea5f7,"Strain Hardening, MPa"
123,dde39690-f5bb-47b9-97bb-6bdb18eea5f7,dUTS_dY
124,3766b3b9-b01a-4569-b8d3-6336862d68b2,Weighed Mass
125,3766b3b9-b01a-4569-b8d3-6336862d68b2,Mass Loss
126,938edd3e-1e09-4072-8731-e6894b95a9ed,"Elastic Modulus, GPa"
127,938edd3e-1e09-4072-8731-e6894b95a9ed,"Yield Strength, MPa"
128,938edd3e-1e09-4072-8731-e6894b95a9ed,"UTS, MPa"
129,938edd3e-1e09-4072-8731-e6894b95a9ed,"Elongation, %"
130,938edd3e-1e09-4072-8731-e6894b95a9ed,"Strain Hardening, MPa"
131,938edd3e-1e09-4072-8731-e6894b95a9ed,dUTS_dY
132,d57e11f6-2cdb-45cb-bdac-fdfeb179dc8c,Weighed Mass
133,d57e11f6-2cdb-45cb-bdac-fdfeb179dc8c,Mass Loss
134,dca8fab4-4fea-4a62-9f48-8d8ec0c9bee7,Phase
135,dca8fab4-4fea-4a62-9f48-8d8ec0c9bee7,Lattice Parameter
136,dca8fab4-4fea-4a62-9f48-8d8ec0c9bee7,"Hardness, HV"
137,dca8fab4-4fea-4a62-9f48-8d8ec0c9bee7,"SD, HV"
138,fd673d97-8bbc-4c12-95f4-5384ff33c312,Weighed Mass
139,fd673d97-8bbc-4c12-95f4-5384ff33c312,Mass Loss
140,2c40e9a0-b11c-4459-87cb-6ee7189184ac,"Elastic Modulus, GPa"
141,2c40e9a0-b11c-4459-87cb-6ee7189184ac,"Yield Strength, MPa"
142,2c40e9a0-b11c-4459-87cb-6ee7189184ac,"UTS, MPa"
143,2c40e9a0-b11c-4459-87cb-6ee7189184ac,"Elongation, %"
144,2c40e9a0-b11c-4459-87cb-6ee7189184ac,"Strain Hardening, MPa"
145,2c40e9a0-b11c-4459-87cb-6ee7189184ac,dUTS_dY
146,6c5f64f3-8d8c-4e97-9c64-ff1586d0351c,Weighed Mass
147,6c5f64f3-8d8c-4e97-9c64-ff1586d0351c,Mass Loss
148,795cea22-772c-4c38-a7a6-593ba96b9f27,"Elastic Modulus, GPa"
149,795cea22-772c-4c38-a7a6-593ba96b9f27,"Yield Strength, MPa"
150,795cea22-772c-4c38-a7a6-593ba96b9f27,"UTS, MPa"
151,795cea22-772c-4c38-a7a6-593ba96b9f27,"Elongation, %"
152,795cea22-772c-4c38-a7a6-593ba96b9f27,"Strain Hardening, MPa"
153,795cea22-772c-4c38-a7a6-593ba96b9f27,dUTS_dY
154,c6708c15-7d43-4cb2-848c-0e329ea341fa,Weighed Mass
155,c6708c15-7d43-4cb2-848c-0e329ea341fa,Mass Loss
156,d306c6c0-896c-45f9-ad97-c7a3d70f06a2,Weighed Mass
157,d306c6c0-896c-45f9-ad97-c7a3d70f06a2,Mass Loss
158,14a08c04-f3b9-4352-8b3e-bfd5e89766d6,"Elastic Modulus, GPa"
159,14a08c04-f3b9-4352-8b3e-bfd5e89766d6,"Yield Strength, MPa"
160,14a08c04-f3b9-4352-8b3e-bfd5e89766d6,"UTS, MPa"
161,14a08c04-f3b9-4352-8b3e-bfd5e89766d6,"Elongation, %"
162,14a08c04-f3b9-4352-8b3e-bfd5e89766d6,"Strain Hardening, MPa"
163,14a08c04-f3b9-4352-8b3e-bfd5e89766d6,dUTS_dY
164,7d5e44af-f266-419c-89aa-df4882a07a3e,Weighed Mass
165,7d5e44af-f266-419c-89aa-df4882a07a3e,Mass Loss
166,ef8e7a54-3646-4521-b3c4-21a15196a3b8,"Elastic Modulus, GPa"
167,ef8e7a54-3646-4521-b3c4-21a15196a3b8,"Yield Strength, MPa"
168,ef8e7a54-3646-4521-b3c4-21a15196a3b8,"UTS, MPa"
169,ef8e7a54-3646-4521-b3c4-21a15196a3b8,"Elongation, %"
170,ef8e7a54-3646-4521-b3c4-21a15196a3b8,"Strain Hardening, MPa"
171,ef8e7a54-3646-4521-b3c4-21a15196a3b8,dUTS_dY
172,f675773e-bceb-48a4-a607-40fde79b57ad,Weighed Mass
173,f675773e-bceb-48a4-a607-40fde79b57ad,Mass Loss
174,2e648836-1fe5-497f-9ae7-492118cda896,Weighed Mass
175,2e648836-1fe5-497f-9ae7-492118cda896,Mass Loss
176,72c7a4a5-b182-4246-aeaa-e191678c7680,"Elastic Modulus, GPa"
177,72c7a4a5-b182-4246-aeaa-e191678c7680,"Yield Strength, MPa"
178,72c7a4a5-b182-4246-aeaa-e191678c7680,"UTS, MPa"
179,72c7a4a5-b182-4246-aeaa-e191678c7680,"Elongation, %"
180,72c7a4a5-b182-4246-aeaa-e191678c7680,"Strain Hardening, MPa"
181,72c7a4a5-b182-4246-aeaa-e191678c7680,dUTS_dY
182,c2da2ba1-37fc-4eee-a724-472609801fee,Weighed Mass
183,c2da2ba1-37fc-4eee-a724-472609801fee,Mass Loss
184,bf5ed06a-d0b6-486e-af76-6da7b8092aa0,"Elastic Modulus, GPa"
185,bf5ed06a-d0b6-486e-af76-6da7b8092aa0,"Yield Strength, MPa"
186,bf5ed06a-d0b6-486e-af76-6da7b8092aa0,"UTS, MPa"
187,bf5ed06a-d0b6-486e-af76-6da7b8092aa0,"Elongation, %"
188,bf5ed06a-d0b6-486e-af76-6da7b8092aa0,"Strain Hardening, MPa"
189,bf5ed06a-d0b6-486e-af76-6da7b8092aa0,dUTS_dY
190,0b39e64e-7735-4680-9f30-7e4520c3589f,Phase
191,0b39e64e-7735-4680-9f30-7e4520c3589f,Lattice Parameter
192,0b39e64e-7735-4680-9f30-7e4520c3589f,"Hardness, HV"
193,0b39e64e-7735-4680-9f30-7e4520c3589f,"SD, HV"
194,6c420fb9-14dd-4d56-9385-f9bd5fb7229f,"Elastic Modulus, GPa"
195,6c420fb9-14dd-4d56-9385-f9bd5fb7229f,"Yield Strength, MPa"
196,6c420fb9-14dd-4d56-9385-f9bd5fb7229f,"UTS, MPa"
197,6c420fb9-14dd-4d56-9385-f9bd5fb7229f,"Elongation, %"
198,6c420fb9-14dd-4d56-9385-f9bd5fb7229f,"Strain Hardening, MPa"
199,6c420fb9-14dd-4d56-9385-f9bd5fb7229f,dUTS_dY
200,794923b3-148c-4eae-bbd9-7da4b5a939ae,Weighed Mass
201,794923b3-148c-4eae-bbd9-7da4b5a939ae,Mass Loss
202,141d2cca-f7ae-451c-aded-fdabec78613a,Weighed Mass
203,141d2cca-f7ae-451c-aded-fdabec78613a,Mass Loss
204,191694cc-e1a5-4e17-9638-73dd13008f5b,Weighed Mass
205,191694cc-e1a5-4e17-9638-73dd13008f5b,Mass Loss
206,958bed36-d4af-4f6d-819d-e81e8b132f8b,Weighed Mass
207,958bed36-d4af-4f6d-819d-e81e8b132f8b,Mass Loss
208,ef888c15-e205-46de-8c7e-6946e1f877ac,Phase
209,ef888c15-e205-46de-8c7e-6946e1f877ac,Lattice Parameter
210,ef888c15-e205-46de-8c7e-6946e1f877ac,"Hardness, HV"
211,ef888c15-e205-46de-8c7e-6946e1f877ac,"SD, HV"
212,0e240e33-3e67-4408-aa5d-b27d4dfb9894,Weighed Mass
213,0e240e33-3e67-4408-aa5d-b27d4dfb9894,Mass Loss
214,548a52db-ed9b-448a-b667-db5c6e0c7465,"Elastic Modulus, GPa"
215,548a52db-ed9b-448a-b667-db5c6e0c7465,"Yield Strength, MPa"
216,548a52db-ed9b-448a-b667-db5c6e0c7465,"UTS, MPa"
217,548a52db-ed9b-448a-b667-db5c6e0c7465,"Elongation, %"
218,548a52db-ed9b-448a-b667-db5c6e0c7465,"Strain Hardening, MPa"
219,548a52db-ed9b-448a-b667-db5c6e0c7465,dUTS_dY
220,af9b1d49-4aae-4231-a83c-80a8a782d35b,Weighed Mass
221,af9b1d49-4aae-4231-a83c-80a8a782d35b,Mass Loss
222,f7fe0e41-1641-4340-bcff-29f2b7665d22,Weighed Mass
223,f7fe0e41-1641-4340-bcff-29f2b7665d22,Mass Loss
224,238333c4-f2b1-4bbf-9f27-940712eb0ef5,Weighed Mass
225,238333c4-f2b1-4bbf-9f27-940712eb0ef5,Mass Loss
226,772cae9f-821a-48c8-92e5-c418163ea22a,"Elastic Modulus, GPa"
227,772cae9f-821a-48c8-92e5-c418163ea22a,"Yield Strength, MPa"
228,772cae9f-821a-48c8-92e5-c418163ea22a,"UTS, MPa"
229,772cae9f-821a-48c8-92e5-c418163ea22a,"Elongation, %"
230,772cae9f-821a-48c8-92e5-c418163ea22a,"Strain Hardening, MPa"
231,772cae9f-821a-48c8-92e5-c418163ea22a,dUTS_dY
232,98f66b85-e270-42ec-bece-9865783ce0e7,Weighed Mass
233,98f66b85-e270-42ec-bece-9865783ce0e7,Mass Loss
234,27f96c6f-3499-4c9b-ad90-c05762983e5f,Weighed Mass
235,27f96c6f-3499-4c9b-ad90-c05762983e5f,Mass Loss
236,387cc4b2-aea0-4773-8cf6-2c9ce1e89c24,Weighed Mass
237,387cc4b2-aea0-4773-8cf6-2c9ce1e89c24,Mass Loss
238,70ebc0bb-8db9-4e3a-a723-f78b193810eb,Weighed Mass
239,70ebc0bb-8db9-4e3a-a723-f78b193810eb,Mass Loss
240,a13dacf7-1392-4baa-b9c2-74e2e094d143,Weighed Mass
241,a13dacf7-1392-4baa-b9c2-74e2e094d143,Mass Loss
242,21abbfa7-152a-44e2-8610-22a77b454068,Phase
243,21abbfa7-152a-44e2-8610-22a77b454068,Lattice Parameter
244,21abbfa7-152a-44e2-8610-22a77b454068,"Hardness, HV"
245,21abbfa7-152a-44e2-8610-22a77b454068,"SD, HV"
246,853a8ddf-1d0f-416b-95f3-90c059b347b3,Weighed Mass
247,853a8ddf-1d0f-416b-95f3-90c059b347b3,Mass Loss
248,45212daf-f363-44be-bc16-86eeb1a4d5fd,"Elastic Modulus, GPa"
249,45212daf-f363-44be-bc16-86eeb1a4d5fd,"Yield Strength, MPa"
250,45212daf-f363-44be-bc16-86eeb1a4d5fd,"UTS, MPa"
251,45212daf-f363-44be-bc16-86eeb1a4d5fd,"Elongation, %"
252,45212daf-f363-44be-bc16-86eeb1a4d5fd,"Strain Hardening, MPa"
253,45212daf-f363-44be-bc16-86eeb1a4d5fd,dUTS_dY
254,2cb2c691-5edf-4e59-b83f-3f3e003242b6,Weighed Mass
255,2cb2c691-5edf-4e59-b83f-3f3e003242b6,Mass Loss
256,bdccbc59-1153-4a60-8a5b-885e1a3b2f54,Weighed Mass
257,bdccbc59-1153-4a60-8a5b-885e1a3b2f54,Mass Loss
258,bc327b5a-35ce-4bf2-8af2-5545497f0491,Weighed Mass
259,bc327b5a-35ce-4bf2-8af2-5545497f0491,Mass Loss
260,c9bdc953-e954-4432-b726-ed995989acf0,Weighed Mass
261,c9bdc953-e954-4432-b726-ed995989acf0,Mass Loss
262,474cb3db-c4bc-449a-961e-cf837f1ea136,Weighed Mass
263,474cb3db-c4bc-449a-961e-cf837f1ea136,Mass Loss
264,eaabd5df-4599-4b87-bd8d-e54efabd8b97,Weighed Mass
265,eaabd5df-4599-4b87-bd8d-e54efabd8b97,Mass Loss
266,2fa8af00-58d7-4a16-8524-83dc36047e89,Weighed Mass
267,2fa8af00-58d7-4a16-8524-83dc36047e89,Mass Loss
268,563b9444-5c75-4668-a6a5-094aacaf419f,Weighed Mass
269,563b9444-5c75-4668-a6a5-094aacaf419f,Mass Loss
270,a57b8136-fd4b-4ae4-b45f-75e28a30fe9f,Weighed Mass
271,a57b8136-fd4b-4ae4-b45f-75e28a30fe9f,Mass Loss
272,c9d7fcc1-4f54-411e-863c-fbc46d277540,Weighed Mass
273,c9d7fcc1-4f54-411e-863c-fbc46d277540,Mass Loss
274,10df93f2-3785-49e6-a816-c8561ff6d636,Weighed Mass
275,10df93f2-3785-49e6-a816-c8561ff6d636,Mass Loss
276,39aadd9e-b5da-408d-8a17-f67e2983318a,Weighed Mass
277,39aadd9e-b5da-408d-8a17-f67e2983318a,Mass Loss
278,82b5b277-7f35-4e8f-913a-25d719ac54a5,Weighed Mass
279,82b5b277-7f35-4e8f-913a-25d719ac54a5,Mass Loss
280,e20a9e2a-bc3c-4684-93d2-1086047cfda1,Weighed Mass
281,e20a9e2a-bc3c-4684-93d2-1086047cfda1,Mass Loss
282,f0c7e6ef-f47f-4292-a820-f0bae2fd020b,Weighed Mass
283,f0c7e6ef-f47f-4292-a820-f0bae2fd020b,Mass Loss
284,fcf499f2-996d-4581-9338-d94b887add28,Weighed Mass
285,fcf499f2-996d-4581-9338-d94b887add28,Mass Loss
286,1377acb0-5c8b-4e09-bd06-e57e1f3a6953,Phase
287,1377acb0-5c8b-4e09-bd06-e57e1f3a6953,Lattice Parameter
288,1377acb0-5c8b-4e09-bd06-e57e1f3a6953,"Hardness, HV"
289,1377acb0-5c8b-4e09-bd06-e57e1f3a6953,"SD, HV"
290,35c88c66-89ef-499c-8621-1d284bd0b661,Weighed Mass
291,35c88c66-89ef-499c-8621-1d284bd0b661,Mass Loss
292,8ba9f356-7b94-4632-b0fb-e44364f715fc,Weighed Mass
293,8ba9f356-7b94-4632-b0fb-e44364f715fc,Mass Loss
294,d95d6bfe-69e2-4bc7-9a1b-f03f514e05d0,Weighed Mass
295,d95d6bfe-69e2-4bc7-9a1b-f03f514e05d0,Mass Loss
296,25b091aa-8fa3-437e-9521-980d2bf78c33,Weighed Mass
297,25b091aa-8fa3-437e-9521-980d2bf78c33,Mass Loss
298,3d20774b-3f90-4b33-a58d-5624408c7561,Weighed Mass
299,3d20774b-3f90-4b33-a58d-5624408c7561,Mass Loss
300,619639b9-927f-42f7-800a-a8462eca738b,Weighed Mass
301,619639b9-927f-42f7-800a-a8462eca738b,Mass Loss
302,261fb665-e502-4585-89bd-916cb036e54e,Weighed Mass
303,261fb665-e502-4585-89bd-916cb036e54e,Mass Loss
304,2a242baa-8026-49a2-bacb-db5f1ff2efc5,Weighed Mass
305,2a242baa-8026-49a2-bacb-db5f1ff2efc5,Mass Loss
306,4d1a75c2-b700-4dd5-8ce9-88e57a6f457a,Weighed Mass
307,4d1a75c2-b700-4dd5-8ce9-88e57a6f457a,Mass Loss
308,62ad9728-f350-436b-a4f7-ec2caa51e540,Weighed Mass
309,62ad9728-f350-436b-a4f7-ec2caa51e540,Mass Loss
310,a32865e5-5326-4d13-80bd-2cc8f1ebc1de,"Elastic Modulus, GPa"
311,a32865e5-5326-4d13-80bd-2cc8f1ebc1de,"Yield Strength, MPa"
312,a32865e5-5326-4d13-80bd-2cc8f1ebc1de,"UTS, MPa"
313,a32865e5-5326-4d13-80bd-2cc8f1ebc1de,"Elongation, %"
314,a32865e5-5326-4d13-80bd-2cc8f1ebc1de,"Strain Hardening, MPa"
315,a32865e5-5326-4d13-80bd-2cc8f1ebc1de,dUTS_dY
316,586f8b2e-5bdf-40c0-b859-dd9d30a5ff96,Weighed Mass
317,586f8b2e-5bdf-40c0-b859-dd9d30a5ff96,Mass Loss
318,8e9d55bb-c333-4e33-bfd8-8c4996ef427a,"Elastic Modulus, GPa"
319,8e9d55bb-c333-4e33-bfd8-8c4996ef427a,"Yield Strength, MPa"
320,8e9d55bb-c333-4e33-bfd8-8c4996ef427a,"UTS, MPa"
321,8e9d55bb-c333-4e33-bfd8-8c4996ef427a,"Elongation, %"
322,8e9d55bb-c333-4e33-bfd8-8c4996ef427a,"Strain Hardening, MPa"
323,8e9d55bb-c333-4e33-bfd8-8c4996ef427a,dUTS_dY
324,9a7600ec-e324-40c7-842d-2bc0ab68e470,Weighed Mass
325,9a7600ec-e324-40c7-842d-2bc0ab68e470,Mass Loss
326,b1601dbd-6db3-44ce-9fe9-fcfee3b9982a,Weighed Mass
327,b1601dbd-6db3-44ce-9fe9-fcfee3b9982a,Mass Loss
328,a67a4ecd-d6cc-4318-9896-ba8fa04301d1,Weighed Mass
329,a67a4ecd-d6cc-4318-9896-ba8fa04301d1,Mass Loss
330,cb6ae495-c630-4a11-b687-2a1b74ec1d06,Weighed Mass
331,cb6ae495-c630-4a11-b687-2a1b74ec1d06,Mass Loss
332,139d52a9-d720-48bd-8759-1f01fbf2782a,Weighed Mass
333,139d52a9-d720-48bd-8759-1f01fbf2782a,Mass Loss
334,409f811e-6925-4698-a3d5-b054bc13aa9f,Weighed Mass
335,409f811e-6925-4698-a3d5-b054bc13aa9f,Mass Loss
336,948ddadf-f0e6-4022-a2f3-0de0884ea878,Weighed Mass
337,948ddadf-f0e6-4022-a2f3-0de0884ea878,Mass Loss
338,8d7d5af2-6b04-463a-ac4e-56e1beb17d3f,Weighed Mass
339,8d7d5af2-6b04-463a-ac4e-56e1beb17d3f,Mass Loss
340,32ab6499-5191-4cf7-8380-36fef3228d79,Weighed Mass
341,32ab6499-5191-4cf7-8380-36fef3228d79,Mass Loss
342,796e496f-ff2f-427d-8f88-75868e5cae69,Weighed Mass
343,796e496f-ff2f-427d-8f88-75868e5cae69,Mass Loss
344,cc32b252-7f01-4eee-9bdb-a8bf04e67271,Phase
345,cc32b252-7f01-4eee-9bdb-a8bf04e67271,Lattice Parameter
346,cc32b252-7f01-4eee-9bdb-a8bf04e67271,"Hardness, HV"
347,cc32b252-7f01-4eee-9bdb-a8bf04e67271,"SD, HV"
348,26737b08-c3e2-4ee6-9609-4b9b6ee22efd,Weighed Mass
349,26737b08-c3e2-4ee6-9609-4b9b6ee22efd,Mass Loss
350,4fb55efb-770c-4ae5-8bbe-1230a1094091,Weighed Mass
351,4fb55efb-770c-4ae5-8bbe-1230a1094091,Mass Loss
352,86e6e324-63ea-48a6-a06b-56426b69b461,"Elastic Modulus, GPa"
353,86e6e324-63ea-48a6-a06b-56426b69b461,"Yield Strength, MPa"
354,86e6e324-63ea-48a6-a06b-56426b69b461,"UTS, MPa"
355,86e6e324-63ea-48a6-a06b-56426b69b461,"Elongation, %"
356,86e6e324-63ea-48a6-a06b-56426b69b461,"Strain Hardening, MPa"
357,86e6e324-63ea-48a6-a06b-56426b69b461,dUTS_dY
358,a3555890-0c75-42b0-a9b8-15448b150e7e,Weighed Mass
359,a3555890-0c75-42b0-a9b8-15448b150e7e,Mass Loss
360,27741ab2-07d1-4010-bf75-bc2cbc1511c5,Weighed Mass
361,27741ab2-07d1-4010-bf75-bc2cbc1511c5,Mass Loss
362,53058723-c70f-4669-8b11-b0e64aab1a27,"Elastic Modulus, GPa"
363,53058723-c70f-4669-8b11-b0e64aab1a27,"Yield Strength, MPa"
364,53058723-c70f-4669-8b11-b0e64aab1a27,"UTS, MPa"
365,53058723-c70f-4669-8b11-b0e64aab1a27,"Elongation, %"
366,53058723-c70f-4669-8b11-b0e64aab1a27,"Strain Hardening, MPa"
367,53058723-c70f-4669-8b11-b0e64aab1a27,dUTS_dY
368,63ce0ec3-e40e-42c8-8042-a1c4380c8e7e,Weighed Mass
369,63ce0ec3-e40e-42c8-8042-a1c4380c8e7e,Mass Loss
370,abf35264-289f-4b4a-b96b-2f9e8403cf8b,Weighed Mass
371,abf35264-289f-4b4a-b96b-2f9e8403cf8b,Mass Loss
372,ddbb60d9-8fd8-4f8f-bec5-0b5f57e99cf2,Weighed Mass
373,ddbb60d9-8fd8-4f8f-bec5-0b5f57e99cf2,Mass Loss
374,0f324e59-64e9-4d15-a3f2-16f5bae27aec,Weighed Mass
375,0f324e59-64e9-4d15-a3f2-16f5bae27aec,Mass Loss
376,afc225e2-3382-4dd1-a097-7baefa6b6d09,"Elastic Modulus, GPa"
377,afc225e2-3382-4dd1-a097-7baefa6b6d09,"Yield Strength, MPa"
378,afc225e2-3382-4dd1-a097-7baefa6b6d09,"UTS, MPa"
379,afc225e2-3382-4dd1-a097-7baefa6b6d09,"Elongation, %"
380,afc225e2-3382-4dd1-a097-7baefa6b6d09,"Strain Hardening, MPa"
381,afc225e2-3382-4dd1-a097-7baefa6b6d09,dUTS_dY
382,b3c02bc1-bbfc-49dd-a937-1586b11a9561,"Elastic Modulus, GPa"
383,b3c02bc1-bbfc-49dd-a937-1586b11a9561,"Yield Strength, MPa"
384,b3c02bc1-bbfc-49dd-a937-1586b11a9561,"UTS, MPa"
385,b3c02bc1-bbfc-49dd-a937-1586b11a9561,"Elongation, %"
386,b3c02bc1-bbfc-49dd-a937-1586b11a9561,"Strain Hardening, MPa"
387,b3c02bc1-bbfc-49dd-a937-1586b11a9561,dUTS_dY
388,f8059d48-fa24-424a-ae45-7e1fbed2316e,Weighed Mass
389,f8059d48-fa24-424a-ae45-7e1fbed2316e,Mass Loss
390,06d0ca78-3cba-46cb-ae14-29ecf387a92c,"Elastic Modulus, GPa"
391,06d0ca78-3cba-46cb-ae14-29ecf387a92c,"Yield Strength, MPa"
392,06d0ca78-3cba-46cb-ae14-29ecf387a92c,"UTS, MPa"
393,06d0ca78-3cba-46cb-ae14-29ecf387a92c,"Elongation, %"
394,06d0ca78-3cba-46cb-ae14-29ecf387a92c,"Strain Hardening, MPa"
395,06d0ca78-3cba-46cb-ae14-29ecf387a92c,dUTS_dY
396,5b1c3b64-e561-43bd-a4af-7f4e751c714a,Weighed Mass
397,5b1c3b64-e561-43bd-a4af-7f4e751c714a,Mass Loss
398,6e12be7d-8e9d-4807-9a34-23d90f1f3390,"Elastic Modulus, GPa"
399,6e12be7d-8e9d-4807-9a34-23d90f1f3390,"Yield Strength, MPa"
400,6e12be7d-8e9d-4807-9a34-23d90f1f3390,"UTS, MPa"
401,6e12be7d-8e9d-4807-9a34-23d90f1f3390,"Elongation, %"
402,6e12be7d-8e9d-4807-9a34-23d90f1f3390,"Strain Hardening, MPa"
403,6e12be7d-8e9d-4807-9a34-23d90f1f3390,dUTS_dY
404,b48ebcdc-5e78-4250-9d87-cbd1b1db1e0d,Weighed Mass
405,b48ebcdc-5e78-4250-9d87-cbd1b1db1e0d,Mass Loss
406,f98c180a-be29-4021-ad70-c9d62f2e8c89,Phase
407,f98c180a-be29-4021-ad70-c9d62f2e8c89,Lattice Parameter
408,f98c180a-be29-4021-ad70-c9d62f2e8c89,"Hardness, HV"
409,f98c180a-be29-4021-ad70-c9d62f2e8c89,"SD, HV"
410,2ffee34b-adad-4831-8500-87aac0934f2d,Weighed Mass
411,2ffee34b-adad-4831-8500-87aac0934f2d,Mass Loss
412,56503a6b-2a4b-46f9-b62a-27090c83360e,Phase
413,56503a6b-2a4b-46f9-b62a-27090c83360e,Lattice Parameter
414,56503a6b-2a4b-46f9-b62a-27090c83360e,"Hardness, HV"
415,56503a6b-2a4b-46f9-b62a-27090c83360e,"SD, HV"
416,9a6beabe-3c70-417d-8afc-a330a6efcd2f,Weighed Mass
417,9a6beabe-3c70-417d-8afc-a330a6efcd2f,Mass Loss
418,ca321622-e9bc-4c24-aff1-636b8e2dac91,Weighed Mass
419,ca321622-e9bc-4c24-aff1-636b8e2dac91,Mass Loss
420,07e13dc7-8f1a-44d7-bec8-5097f87d460a,"Elastic Modulus, GPa"
421,07e13dc7-8f1a-44d7-bec8-5097f87d460a,"Yield Strength, MPa"
422,07e13dc7-8f1a-44d7-bec8-5097f87d460a,"UTS, MPa"
423,07e13dc7-8f1a-44d7-bec8-5097f87d460a,"Elongation, %"
424,07e13dc7-8f1a-44d7-bec8-5097f87d460a,"Strain Hardening, MPa"
425,07e13dc7-8f1a-44d7-bec8-5097f87d460a,dUTS_dY
426,6634c728-56c2-40f5-a381-3cd4298f932f,Weighed Mass
427,6634c728-56c2-40f5-a381-3cd4298f932f,Mass Loss
428,bc2c2f2d-0e86-4aad-8053-fb3e6da3b191,Weighed Mass
429,bc2c2f2d-0e86-4aad-8053-fb3e6da3b191,Mass Loss
430,c88efbda-4109-4c74-aa27-828190b33795,Weighed Mass
431,c88efbda-4109-4c74-aa27-828190b33795,Mass Loss
432,5e7cbef6-73a0-4286-adba-cba0e67b0f51,Phase
433,5e7cbef6-73a0-4286-adba-cba0e67b0f51,Lattice Parameter
434,5e7cbef6-73a0-4286-adba-cba0e67b0f51,"Hardness, HV"
435,5e7cbef6-73a0-4286-adba-cba0e67b0f51,"SD, HV"
436,df1da267-619a-42f5-9fac-4ddc9ede30d0,Weighed Mass
437,df1da267-619a-42f5-9fac-4ddc9ede30d0,Mass Loss
438,2924dafc-d7e2-44ef-ad06-8ef6a116335e,Weighed Mass
439,2924dafc-d7e2-44ef-ad06-8ef6a116335e,Mass Loss
440,3cb4860c-f1fc-492f-9225-07c4a7126541,Phase
441,3cb4860c-f1fc-492f-9225-07c4a7126541,Lattice Parameter
442,3cb4860c-f1fc-492f-9225-07c4a7126541,"Hardness, HV"
443,3cb4860c-f1fc-492f-9225-07c4a7126541,"SD, HV"
444,d006d6cd-4e01-44ce-85fb-f458a5104f26,Weighed Mass
445,d006d6cd-4e01-44ce-85fb-f458a5104f26,Mass Loss
446,df9cd909-0ba6-4614-bcf9-f19e6a90ce1f,"Elastic Modulus, GPa"
447,df9cd909-0ba6-4614-bcf9-f19e6a90ce1f,"Yield Strength, MPa"
448,df9cd909-0ba6-4614-bcf9-f19e6a90ce1f,"UTS, MPa"
449,df9cd909-0ba6-4614-bcf9-f19e6a90ce1f,"Elongation, %"
450,df9cd909-0ba6-4614-bcf9-f19e6a90ce1f,"Strain Hardening, MPa"
451,df9cd909-0ba6-4614-bcf9-f19e6a90ce1f,dUTS_dY
452,f3dbddf5-856b-4591-b90e-b272aca58a4a,"Elastic Modulus, GPa"
453,f3dbddf5-856b-4591-b90e-b272aca58a4a,"Yield Strength, MPa"
454,f3dbddf5-856b-4591-b90e-b272aca58a4a,"UTS, MPa"
455,f3dbddf5-856b-4591-b90e-b272aca58a4a,"Elongation, %"
456,f3dbddf5-856b-4591-b90e-b272aca58a4a,"Strain Hardening, MPa"
457,f3dbddf5-856b-4591-b90e-b272aca58a4a,dUTS_dY
